kode_kabkota,nama,provinsi,lat,lon,melahirkan_dini_2024,melahirkan_dini_2025,persalinan_nonfaskes_2024,persalinan_nonfaskes_2025
9508,Nduga,Papua Pegunungan,-4.42,138.26,23.4,12.6,91.2,84.4
9507,Lanny Jaya,Papua Pegunungan,-4.0,138.35,15.4,20.5,95.9,85.6
9506,Yalimo,Papua Pegunungan,-3.84,139.4,14.9,16.1,100.0,91.8
9505,Mamberamo Tengah,Papua Pegunungan,-3.54,139.07,20.2,25.6,32.2,26.6
9504,Tolikara,Papua Pegunungan,-3.46,138.45,21.7,20.3,55.9,0.0
9503,Yahukimo,Papua Pegunungan,-4.46,139.4,43.1,37.4,33.9,61.9
9502,Pegunungan Bintang,Papua Pegunungan,-4.51,140.52,39.1,41.1,57.4,50.0
9501,Jayawijaya,Papua Pegunungan,-4.1,138.94,23.5,25.2,17.3,31.9
9408,Deiyai,Papua Tengah,-4.2,136.45,11.6,23.7,33.9,50.0
9407,Intan Jaya,Papua Tengah,-3.52,136.72,51.4,28.6,35.7,100.0
9406,Dogiyai,Papua Tengah,-4.04,135.66,24.8,20.9,100.0,80.0
9405,Puncak,Papua Tengah,-3.62,137.49,52.9,36.2,100.0,90.0
9404,Mimika,Papua Tengah,-4.6,136.96,23.0,23.4,4.5,9.7
9403,Paniai,Papua Tengah,-3.75,136.44,27.7,18.3,57.1,100.0
9402,Puncak Jaya,Papua Tengah,-3.44,137.87,20.0,17.8,37.2,46.2
9401,Nabire,Papua Tengah,-3.33,136.01,32.5,30.3,14.3,13.3
9304,Asmat,Papua Selatan,-5.55,138.8,38.1,28.4,26.9,35.4
9303,Mappi,Papua Selatan,-6.33,139.29,35.7,33.8,43.3,40.2
9302,Boven Digoel,Papua Selatan,-6.04,140.43,31.0,33.4,17.1,15.6
9301,Merauke,Papua Selatan,-7.88,140.0,33.8,28.7,5.9,4.0
9271,Kota Sorong,Papua Barat Daya,-0.86,131.31,20.6,28.8,15.9,14.5
9212,Pegunungan Arfak,Papua Barat,-1.27,133.67,41.2,33.1,65.7,60.6
9211,Manokwari Selatan,Papua Barat,-1.53,134.07,35.5,30.1,13.9,14.2
9210,Maybrat,Papua Barat Daya,-1.42,132.57,33.6,28.6,14.6,32.0
9209,Tambrauw,Papua Barat Daya,-0.85,132.86,26.6,24.1,58.3,55.4
9208,Kaimana,Papua Barat,-3.51,134.31,26.2,20.5,45.2,40.9
9207,Teluk Wondama,Papua Barat,-2.63,134.57,27.7,28.0,56.4,49.0
9206,Teluk Bintuni,Papua Barat,-2.18,133.16,34.0,30.1,22.7,26.7
9205,Raja Ampat,Papua Barat Daya,-1.87,130.07,30.1,27.7,71.2,66.2
9204,Sorong Selatan,Papua Barat Daya,-1.65,132.15,33.4,36.1,64.4,59.3
9203,Fakfak,Papua Barat,-3.27,133.09,25.7,20.9,17.7,14.9
9202,Manokwari,Papua Barat,-0.98,133.76,30.7,34.6,16.1,16.9
9201,Sorong,Papua Barat Daya,-1.15,131.54,31.4,21.4,25.8,19.6
9171,Kota Jayapura,Papua,-2.67,140.81,20.7,25.6,4.8,4.6
9120,Mamberamo Raya,Papua,-2.44,137.72,28.9,35.0,74.9,62.5
9119,Supiori,Papua,-0.76,135.61,31.1,17.6,27.6,24.0
9115,Waropen,Papua,-2.8,136.73,28.7,25.5,60.3,58.6
9111,Keerom,Papua,-3.44,140.68,41.1,31.4,14.2,17.7
9110,Sarmi,Papua,-2.56,139.24,20.6,29.8,5.8,21.1
9106,Biak Numfor,Papua,-0.94,135.94,25.6,22.8,12.7,15.8
9105,Kepulauan Yapen,Papua,-1.76,136.37,25.8,20.2,54.3,50.0
9103,Jayapura,Papua,-3.05,139.96,25.9,21.4,19.6,28.8
8272,Kota Tidore Kepulauan,Maluku Utara,0.38,127.71,19.6,21.2,9.0,4.9
8271,Kota Ternate,Maluku Utara,0.81,127.34,21.1,20.4,15.1,2.2
8208,Pulau Taliabu,Maluku Utara,-1.83,124.83,32.5,36.9,70.7,63.7
8207,Pulau Morotai,Maluku Utara,2.32,128.44,30.9,36.9,12.5,10.3
8206,Halmahera Timur,Maluku Utara,1.0,128.25,36.3,35.2,21.5,13.0
8205,Halmahera Utara,Maluku Utara,1.51,127.87,34.8,32.7,36.5,34.4
8204,Halmahera Selatan,Maluku Utara,-1.55,127.73,35.0,32.7,48.5,47.8
8203,Kepulauan Sula,Maluku Utara,-1.86,125.83,31.7,27.8,54.5,63.4
8202,Halmahera Tengah,Maluku Utara,0.39,128.58,30.4,34.0,38.1,29.6
8201,Halmahera Barat,Maluku Utara,1.35,127.57,31.3,30.0,28.0,31.7
8172,Kota Tual,Maluku,-5.54,132.72,23.9,18.6,38.4,30.6
8171,Kota Ambon,Maluku,-3.68,128.24,19.9,13.0,29.0,18.6
8109,Buru Selatan,Maluku,-3.5,126.42,23.6,24.3,80.4,75.8
8108,Maluku Barat Daya,Maluku,-7.79,126.24,14.1,19.1,37.9,26.3
8107,Seram Bagian Timur,Maluku,-3.42,130.39,26.4,22.3,72.7,76.7
8106,Seram Bagian Barat,Maluku,-3.2,128.54,21.0,28.7,47.3,55.7
8105,Kepulauan Aru,Maluku,-6.15,134.49,20.1,21.7,73.5,69.8
8104,Buru,Maluku,-3.34,126.67,33.1,34.4,30.3,44.1
8103,Maluku Tengah,Maluku,-3.11,129.45,20.3,19.3,52.0,46.9
8102,Maluku Tenggara,Maluku,-5.77,132.74,19.1,20.9,44.9,34.8
8101,Kepulauan Tanimbar,Maluku,-7.58,131.42,25.8,26.3,39.1,32.0
7606,Mamuju Tengah,Sulawesi Barat,-2.04,119.53,35.3,35.6,7.9,6.2
7605,Pasangkayu,Sulawesi Barat,-1.33,119.39,38.7,42.5,8.3,1.8
7604,Mamuju,Sulawesi Barat,-2.54,119.38,34.0,36.0,11.6,10.8
7603,Mamasa,Sulawesi Barat,-3.0,119.33,25.4,27.8,17.0,6.8
7602,Polewali Mandar,Sulawesi Barat,-3.3,119.14,26.6,31.6,15.7,22.0
7601,Majene,Sulawesi Barat,-3.27,118.88,25.0,24.8,8.4,3.4
7571,Kota Gorontalo,Gorontalo,0.54,123.04,19.2,17.3,4.9,2.7
7505,Gorontalo Utara,Gorontalo,0.88,123.04,30.5,33.1,0.0,0.0
7504,Bone Bolango,Gorontalo,0.56,123.31,27.8,25.6,5.8,6.7
7503,Pohuwato,Gorontalo,0.71,121.65,39.6,40.1,13.5,2.2
7502,Gorontalo,Gorontalo,0.7,122.8,27.3,31.0,0.1,4.8
7501,Boalemo,Gorontalo,0.68,122.34,41.3,37.2,2.0,0.0
7472,Kota Baubau,Sulawesi Tenggara,-5.42,122.7,25.0,22.7,6.1,5.4
7471,Kota Kendari,Sulawesi Tenggara,-3.99,122.53,25.6,25.3,6.7,1.7
7415,Buton Selatan,Sulawesi Tenggara,-5.58,122.7,24.8,34.5,36.8,22.5
7414,Buton Tengah,Sulawesi Tenggara,-5.29,122.39,28.0,27.5,23.6,19.7
7413,Muna Barat,Sulawesi Tenggara,-4.81,122.44,30.5,31.3,16.7,14.8
7412,Konawe Kepulauan,Sulawesi Tenggara,-4.09,123.1,35.8,33.7,15.9,22.2
7411,Kolaka Timur,Sulawesi Tenggara,-3.86,121.78,35.5,31.4,18.6,12.7
7410,Konawe Utara,Sulawesi Tenggara,-3.42,121.94,41.2,39.3,20.2,15.4
7409,Buton Utara,Sulawesi Tenggara,-4.75,122.97,33.7,38.8,15.5,11.3
7408,Kolaka Utara,Sulawesi Tenggara,-3.28,121.08,43.6,32.3,4.2,0.0
7407,Wakatobi,Sulawesi Tenggara,-5.31,123.58,22.3,28.8,15.8,15.3
7406,Bombana,Sulawesi Tenggara,-4.67,121.75,37.4,42.9,12.4,10.1
7405,Konawe Selatan,Sulawesi Tenggara,-4.26,122.45,40.8,40.4,5.9,14.7
7404,Kolaka,Sulawesi Tenggara,-4.11,121.69,33.1,27.6,6.5,4.1
7403,Konawe,Sulawesi Tenggara,-3.52,121.65,40.7,33.7,21.1,17.1
7402,Muna,Sulawesi Tenggara,-4.85,122.87,27.0,24.7,37.8,41.2
7401,Buton,Sulawesi Tenggara,-5.36,122.95,26.5,29.3,34.9,24.5
7373,Kota Palopo,Sulawesi Selatan,-2.98,120.13,24.5,24.3,0.0,0.8
7372,Kota Parepare,Sulawesi Selatan,-4.02,119.66,19.1,18.0,0.0,2.2
7371,Kota Makasar,Sulawesi Selatan,-5.14,119.47,20.2,20.3,3.6,1.1
7326,Toraja Utara,Sulawesi Selatan,-2.91,119.87,30.5,24.5,0.2,10.7
7325,Luwu Timur,Sulawesi Selatan,-2.51,121.12,32.4,27.7,7.7,0.0
7322,Luwu Utara,Sulawesi Selatan,-2.42,120.13,36.1,31.9,5.7,5.4
7318,Tana Toraja,Sulawesi Selatan,-3.07,119.77,25.8,25.2,18.9,14.2
7317,Luwu,Sulawesi Selatan,-3.32,120.22,25.0,27.0,3.9,12.4
7316,Enrekang,Sulawesi Selatan,-3.53,119.88,20.5,26.7,2.6,2.6
7315,Pinrang,Sulawesi Selatan,-3.66,119.61,27.9,26.9,0.0,0.3
7314,Sidenreng Rappang,Sulawesi Selatan,-3.81,120.03,25.7,29.0,2.0,1.4
7313,Wajo,Sulawesi Selatan,-3.96,120.12,26.1,31.7,4.1,2.4
7312,Soppeng,Sulawesi Selatan,-4.32,119.92,26.4,23.2,0.9,1.5
7311,Bone,Sulawesi Selatan,-4.67,120.1,34.1,26.2,10.8,6.1
7310,Barru,Sulawesi Selatan,-4.44,119.68,32.4,21.3,1.6,0.0
7309,Pangkajene dan Kepulauan,Sulawesi Selatan,-4.75,119.59,24.9,24.1,4.7,0.0
7308,Maros,Sulawesi Selatan,-4.98,119.69,32.2,23.1,0.1,1.1
7307,Sinjai,Sulawesi Selatan,-5.2,120.15,25.3,25.3,5.5,5.5
7306,Gowa,Sulawesi Selatan,-5.33,119.77,27.0,29.5,2.8,1.1
7305,Takalar,Sulawesi Selatan,-5.41,119.54,31.9,27.3,2.1,2.3
7304,Jeneponto,Sulawesi Selatan,-5.55,119.61,33.9,32.4,0.0,0.0
7303,Bantaeng,Sulawesi Selatan,-5.45,119.99,26.9,30.7,11.5,12.3
7302,Bulukumba,Sulawesi Selatan,-5.45,120.25,26.9,29.8,4.2,1.4
7301,Kepulauan Selayar,Sulawesi Selatan,-7.29,120.93,15.9,24.2,8.0,8.0
7271,Kota Palu,Sulawesi Tengah,-0.79,119.89,21.9,20.3,1.6,2.1
7212,Morowali Utara,Sulawesi Tengah,-1.85,121.08,31.9,35.0,10.4,3.9
7211,Banggai Laut,Sulawesi Tengah,-1.84,123.1,35.1,32.2,31.7,30.1
7210,Sigi,Sulawesi Tengah,-1.49,119.91,33.5,36.4,15.2,5.2
7209,Tojo Una-Una,Sulawesi Tengah,-1.23,121.65,37.5,31.5,12.8,26.3
7208,Parigi Moutong,Sulawesi Tengah,-0.24,119.96,38.3,33.8,19.2,10.3
7207,Buol,Sulawesi Tengah,0.99,121.44,35.9,38.2,3.6,1.9
7206,Toli-Toli,Sulawesi Tengah,0.97,120.88,35.9,33.3,2.6,0.4
7205,Donggala,Sulawesi Tengah,-1.05,119.68,37.5,37.4,26.0,17.0
7204,Poso,Sulawesi Tengah,-1.7,120.5,29.6,20.0,3.7,9.7
7203,Morowali,Sulawesi Tengah,-2.7,121.89,29.5,29.9,4.1,0.0
7202,Banggai,Sulawesi Tengah,-1.09,122.32,30.8,32.9,16.0,3.1
7201,Banggai Kepulauan,Sulawesi Tengah,-1.4,123.39,38.1,32.3,29.0,38.3
7174,Kota Kotamobagu,Sulawesi Utara,0.7,124.32,33.4,33.4,3.6,0.0
7173,Kota Tomohon,Sulawesi Utara,1.32,124.82,19.8,25.8,0.0,0.0
7172,Kota Bitung,Sulawesi Utara,1.49,125.15,30.3,28.3,4.9,0.0
7171,Kota Manado,Sulawesi Utara,1.5,124.88,26.6,21.6,0.0,3.7
7111,Bolaang Mongondow Timur,Sulawesi Utara,0.71,124.49,31.4,41.4,15.2,11.6
7110,Bolaang Mongondow Selatan,Sulawesi Utara,0.45,124.18,39.7,40.3,14.7,9.5
7109,Minahasa Tenggara,Sulawesi Utara,0.98,124.73,31.4,42.7,5.3,6.8
7108,Siau Tagulandang Biaro,Sulawesi Utara,2.36,125.42,21.0,23.1,6.7,0.0
7107,Bolaang Mongondow Utara,Sulawesi Utara,0.76,123.49,33.9,30.1,5.0,2.1
7106,Minahasa Utara,Sulawesi Utara,1.52,125.0,26.0,24.2,3.4,0.0
7105,Minahasa Selatan,Sulawesi Utara,1.06,124.44,31.1,32.0,8.0,8.9
7104,Kepulauan Talaud,Sulawesi Utara,4.26,126.82,26.4,31.5,19.7,15.3
7103,Kepulauan Sangihe,Sulawesi Utara,3.56,125.55,24.1,25.0,11.9,5.4
7102,Minahasa,Sulawesi Utara,1.24,124.9,31.4,24.6,3.2,0.0
7101,Bolaang Mongondow,Sulawesi Utara,0.72,123.99,42.1,36.8,22.4,15.0
6571,Kota Tarakan,Kalimantan Utara,3.35,117.59,23.0,20.8,2.9,1.1
6504,Nunukan,Kalimantan Utara,3.86,117.14,27.0,33.4,4.0,0.0
6503,Tana Tidung,Kalimantan Utara,3.53,116.94,33.0,26.2,7.5,1.2
6502,Bulungan,Kalimantan Utara,2.76,116.63,30.2,32.6,8.4,1.9
6501,Malinau,Kalimantan Utara,2.62,115.7,34.8,30.9,16.6,12.3
6474,Kota Bontang,Kalimantan Timur,0.12,117.48,21.4,16.3,0.1,0.0
6472,Kota Samarinda,Kalimantan Timur,-0.52,117.16,17.7,20.2,0.5,2.8
6471,Kota Balikpapan,Kalimantan Timur,-1.15,116.89,17.0,13.7,3.7,0.0
6411,Mahakam Ulu,Kalimantan Timur,0.65,115.3,34.7,35.1,4.0,0.0
6409,Penajam Paser Utara,Kalimantan Timur,-1.2,116.58,28.1,26.5,4.4,0.4
6405,Berau,Kalimantan Timur,1.8,117.15,31.3,30.3,5.5,4.7
6404,Kutai Timur,Kalimantan Timur,0.93,117.02,37.4,33.1,13.6,8.6
6403,Kutai Kartanegara,Kalimantan Timur,0.2,116.15,29.2,29.7,8.7,2.3
6402,Kutai Barat,Kalimantan Timur,-0.43,115.74,38.6,39.2,11.8,4.1
6401,Paser,Kalimantan Timur,-1.68,116.03,31.3,29.4,23.6,7.7
6372,Kota Banjar Baru,Kalimantan Selatan,-3.47,114.78,20.1,22.7,0.0,7.9
6371,Kota Banjarmasin,Kalimantan Selatan,-3.33,114.6,22.0,21.0,2.0,1.3
6311,Balangan,Kalimantan Selatan,-2.29,115.62,39.2,35.6,19.2,46.3
6310,Tanah Bumbu,Kalimantan Selatan,-3.44,115.7,38.0,38.8,13.3,27.1
6309,Tabalong,Kalimantan Selatan,-1.86,115.52,28.6,26.0,10.1,10.5
6308,Hulu Sungai Utara,Kalimantan Selatan,-2.42,115.16,29.5,37.6,16.5,12.0
6307,Hulu Sungai Tengah,Kalimantan Selatan,-2.62,115.49,26.1,37.4,4.2,0.0
6306,Hulu Sungai Selatan,Kalimantan Selatan,-2.72,115.16,32.3,32.8,11.4,12.0
6305,Tapin,Kalimantan Selatan,-2.86,115.0,36.0,36.7,21.7,24.3
6304,Barito Kuala,Kalimantan Selatan,-3.04,114.68,26.0,25.7,30.3,15.9
6303,Banjar,Kalimantan Selatan,-3.28,115.03,32.6,33.5,29.1,15.1
6302,Kotabaru,Kalimantan Selatan,-2.8,115.86,35.1,40.7,38.8,36.4
6301,Tanah Laut,Kalimantan Selatan,-3.83,114.99,35.8,35.9,16.7,7.1
6271,Kota Palangka Raya,Kalimantan Tengah,-1.96,113.71,23.1,23.9,7.2,13.9
6213,Murung Raya,Kalimantan Tengah,-0.02,114.16,44.4,47.8,58.2,47.8
6212,Barito Timur,Kalimantan Tengah,-2.0,115.19,24.6,35.9,28.9,14.0
6211,Gunung Mas,Kalimantan Tengah,-0.98,113.56,44.3,46.1,71.0,63.3
6210,Pulang Pisau,Kalimantan Tengah,-2.46,114.04,38.3,37.1,16.1,31.4
6209,Katingan,Kalimantan Tengah,-1.86,113.33,35.2,39.5,30.5,42.0
6208,Seruyan,Kalimantan Tengah,-2.1,112.17,39.6,39.6,61.5,50.1
6207,Lamandau,Kalimantan Tengah,-1.78,111.41,37.4,39.2,28.1,36.9
6206,Sukamara,Kalimantan Tengah,-2.54,111.17,37.8,30.9,20.4,9.5
6205,Barito Utara,Kalimantan Tengah,-0.73,115.08,39.1,36.2,40.5,33.6
6204,Barito Selatan,Kalimantan Tengah,-1.92,114.78,36.3,33.7,33.6,25.2
6203,Kapuas,Kalimantan Tengah,-1.92,114.33,38.5,37.9,46.2,42.0
6202,Kotawaringin Timur,Kalimantan Tengah,-2.23,112.79,39.4,41.3,21.7,32.6
6201,Kotawaringin Barat,Kalimantan Tengah,-2.48,111.65,36.5,31.4,11.3,8.0
6172,Kota Singkawang,Kalimantan Barat,0.87,109.01,22.2,21.8,0.0,3.9
6171,Kota Pontianak,Kalimantan Barat,-0.04,109.33,17.0,19.7,1.1,5.4
6112,Kubu Raya,Kalimantan Barat,-0.39,109.52,32.3,29.6,30.5,22.0
6111,Kayong Utara,Kalimantan Barat,-1.05,110.06,39.0,36.0,25.8,30.9
6110,Melawi,Kalimantan Barat,-0.73,111.65,40.6,45.2,36.0,35.6
6109,Sekadau,Kalimantan Barat,0.01,110.94,34.2,37.5,57.5,48.1
6108,Kapuas Hulu,Kalimantan Barat,0.82,112.8,35.2,42.4,1.9,10.1
6107,Sintang,Kalimantan Barat,0.2,111.56,42.1,42.1,24.9,35.4
6106,Ketapang,Kalimantan Barat,-1.7,110.44,37.4,31.4,43.7,40.5
6105,Sanggau,Kalimantan Barat,0.36,110.54,36.6,36.4,23.9,17.7
6104,Mempawah,Kalimantan Barat,0.36,109.11,27.8,23.8,23.0,11.3
6103,Landak,Kalimantan Barat,0.52,109.7,46.0,40.7,8.8,14.5
6102,Bengkayang,Kalimantan Barat,1.03,109.72,27.4,31.1,2.4,4.8
6101,Sambas,Kalimantan Barat,1.53,109.41,23.4,24.8,9.2,1.3
5371,Kota Kupang,Nusa Tenggara Timur,-10.2,123.59,12.5,20.5,5.4,0.0
5321,Malaka,Nusa Tenggara Timur,-9.55,124.88,19.8,20.3,12.0,9.8
5320,Sabu Raijua,Nusa Tenggara Timur,-10.52,121.9,16.3,22.0,26.3,23.2
5319,Manggarai Timur,Nusa Tenggara Timur,-8.6,120.7,23.6,27.2,40.5,37.8
5318,Nagekeo,Nusa Tenggara Timur,-8.68,121.27,9.0,6.2,5.3,1.3
5317,Sumba Barat Daya,Nusa Tenggara Timur,-9.53,119.17,16.5,21.2,23.8,26.6
5316,Sumba Tengah,Nusa Tenggara Timur,-9.59,119.67,22.1,21.2,7.5,3.9
5315,Manggarai Barat,Nusa Tenggara Timur,-8.59,120.05,24.4,26.2,11.4,10.3
5314,Rote Ndao,Nusa Tenggara Timur,-10.7,123.19,27.7,26.1,14.3,8.7
5313,Manggarai,Nusa Tenggara Timur,-8.54,120.44,22.1,24.0,11.1,5.2
5312,Ngada,Nusa Tenggara Timur,-8.66,121.0,7.2,11.3,1.4,0.0
5311,Ende,Nusa Tenggara Timur,-8.69,121.68,10.2,11.7,0.0,0.0
5310,Sikka,Nusa Tenggara Timur,-8.59,122.09,15.3,13.7,1.6,0.9
5309,Flores Timur,Nusa Tenggara Timur,-8.34,123.16,18.6,18.9,0.1,12.4
5308,Lembata,Nusa Tenggara Timur,-8.38,123.53,18.2,19.6,3.3,0.0
5307,Alor,Nusa Tenggara Timur,-8.29,124.77,20.4,20.3,31.9,35.3
5306,Belu,Nusa Tenggara Timur,-9.18,124.9,22.4,23.8,4.7,3.3
5305,Timor Tengah Utara,Nusa Tenggara Timur,-9.34,124.62,25.9,17.3,12.5,7.9
5304,Timor Tengah Selatan,Nusa Tenggara Timur,-9.85,124.43,19.6,26.7,19.5,12.4
5303,Kupang,Nusa Tenggara Timur,-9.87,123.87,19.2,22.9,14.7,8.9
5302,Sumba Timur,Nusa Tenggara Timur,-9.78,120.18,24.2,26.9,2.3,5.9
5301,Sumba Barat,Nusa Tenggara Timur,-9.59,119.44,15.9,12.4,2.4,1.0
5272,Kota Bima,Nusa Tenggara Barat,-8.46,118.8,20.6,22.7,24.3,11.2
5271,Kota Mataram,Nusa Tenggara Barat,-8.58,116.12,29.8,26.8,11.9,6.1
5208,Lombok Utara,Nusa Tenggara Barat,-8.35,116.3,34.8,37.2,11.6,3.4
5207,Sumbawa Barat,Nusa Tenggara Barat,-8.8,116.93,19.9,15.9,17.1,6.6
5206,Bima,Nusa Tenggara Barat,-8.56,118.76,20.1,20.6,26.3,19.5
5205,Dompu,Nusa Tenggara Barat,-8.52,118.33,21.6,29.6,17.8,19.5
5204,Sumbawa,Nusa Tenggara Barat,-8.73,117.49,19.2,22.8,5.3,1.9
5203,Lombok Timur,Nusa Tenggara Barat,-8.58,116.51,35.6,34.0,35.8,24.7
5202,Lombok Tengah,Nusa Tenggara Barat,-8.68,116.29,40.7,38.2,20.5,20.7
5201,Lombok Barat,Nusa Tenggara Barat,-8.65,116.13,36.5,35.0,17.1,14.5
5171,Kota Denpasar,Bali,-8.69,115.22,12.2,13.6,0.0,0.0
5108,Buleleng,Bali,-8.22,114.98,33.0,28.2,1.7,0.0
5107,Karangasem,Bali,-8.37,115.56,30.6,22.6,0.0,0.0
5106,Bangli,Bali,-8.34,115.37,30.0,22.8,0.0,0.0
5105,Klungkung,Bali,-8.74,115.53,14.4,19.6,0.0,0.0
5104,Gianyar,Bali,-8.48,115.28,16.6,12.8,0.0,0.0
5103,Badung,Bali,-8.56,115.2,10.4,14.8,0.0,0.0
5102,Tabanan,Bali,-8.44,115.07,18.3,17.8,0.0,0.0
5101,Jembrana,Bali,-8.3,114.66,26.7,27.0,0.0,0.7
3674,Kota Tangerang Selatan,Banten,-6.29,106.71,15.7,12.0,0.0,0.0
3673,Kota Serang,Banten,-6.1,106.17,22.1,25.1,27.1,21.9
3672,Kota Cilegon,Banten,-5.97,106.03,17.1,16.9,0.0,0.0
3671,Kota Tangerang,Banten,-6.18,106.64,14.4,12.1,2.5,0.0
3604,Serang,Banten,-6.1,105.99,27.5,26.9,22.8,17.7
3603,Tangerang,Banten,-6.17,106.48,25.7,22.2,0.6,1.1
3602,Lebak,Banten,-6.64,106.18,39.9,37.2,23.3,19.6
3601,Pandeglang,Banten,-6.55,105.8,32.3,30.0,18.6,10.0
3579,Kota Batu,Jawa Timur,-7.83,112.53,24.1,21.1,0.0,0.0
3578,Kota Surabaya,Jawa Timur,-7.28,112.74,16.8,13.0,0.0,0.0
3577,Kota Madiun,Jawa Timur,-7.62,111.52,5.6,5.1,0.0,0.0
3576,Kota Mojokerto,Jawa Timur,-7.47,112.44,10.8,9.9,0.0,0.0
3575,Kota Pasuruan,Jawa Timur,-7.64,112.91,19.4,20.0,0.0,0.0
3574,Kota Probolinggo,Jawa Timur,-7.76,113.2,24.2,21.1,1.2,4.8
3573,Kota Malang,Jawa Timur,-7.98,112.64,12.2,14.4,0.0,0.0
3572,Kota Blitar,Jawa Timur,-8.11,112.16,15.4,9.1,0.0,0.0
3571,Kota Kediri,Jawa Timur,-7.82,112.0,10.5,11.2,0.0,0.0
3529,Sumenep,Jawa Timur,-6.99,113.85,39.2,39.8,15.8,5.6
3528,Pamekasan,Jawa Timur,-7.07,113.5,33.0,28.8,6.2,8.8
3527,Sampang,Jawa Timur,-7.06,113.25,31.4,29.6,13.4,17.4
3526,Bangkalan,Jawa Timur,-7.06,112.89,26.3,23.4,30.1,21.9
3525,Gresik,Jawa Timur,-7.14,112.56,16.2,14.6,2.1,2.1
3524,Lamongan,Jawa Timur,-7.12,112.32,18.5,19.6,0.0,0.6
3523,Tuban,Jawa Timur,-6.97,111.91,25.1,23.9,0.2,0.7
3522,Bojonegoro,Jawa Timur,-7.23,111.81,25.7,26.8,0.0,2.5
3521,Ngawi,Jawa Timur,-7.44,111.39,20.9,16.6,0.0,0.0
3520,Magetan,Jawa Timur,-7.66,111.34,13.2,13.5,0.0,0.0
3519,Madiun,Jawa Timur,-7.62,111.67,12.0,13.2,0.0,0.0
3518,Nganjuk,Jawa Timur,-7.61,111.95,17.1,19.5,4.9,8.1
3517,Jombang,Jawa Timur,-7.56,112.24,19.6,20.3,0.9,1.3
3516,Mojokerto,Jawa Timur,-7.52,112.5,20.7,23.1,2.4,0.7
3515,Sidoarjo,Jawa Timur,-7.46,112.68,13.0,10.2,0.0,0.0
3514,Pasuruan,Jawa Timur,-7.76,112.82,27.7,31.9,1.9,0.9
3513,Probolinggo,Jawa Timur,-7.87,113.3,48.9,42.2,6.6,4.6
3512,Situbondo,Jawa Timur,-7.8,114.27,36.6,34.4,9.1,4.0
3511,Bondowoso,Jawa Timur,-7.92,113.89,47.4,35.1,6.1,1.3
3510,Banyuwangi,Jawa Timur,-8.33,114.14,23.2,26.7,2.2,4.7
3509,Jember,Jawa Timur,-8.26,113.63,40.4,36.3,1.6,0.0
3508,Lumajang,Jawa Timur,-8.12,113.14,38.0,35.0,0.0,0.0
3507,Malang,Jawa Timur,-8.09,112.68,27.5,23.6,1.6,5.7
3506,Kediri,Jawa Timur,-7.81,112.17,18.4,20.5,0.0,0.0
3505,Blitar,Jawa Timur,-8.13,112.31,19.4,16.8,1.5,0.0
3504,Tulungagung,Jawa Timur,-8.08,111.91,16.9,16.5,3.7,0.0
3503,Trenggalek,Jawa Timur,-8.14,111.63,23.3,21.2,11.8,0.0
3502,Ponorogo,Jawa Timur,-7.97,111.5,14.5,11.0,0.0,4.4
3501,Pacitan,Jawa Timur,-8.11,111.14,26.3,20.3,11.5,1.9
3471,Kota Yogyakarta,DI Yogyakarta,-7.81,110.38,12.1,11.4,0.0,0.0
3404,Sleman,DI Yogyakarta,-7.68,110.38,9.4,11.1,0.0,0.0
3403,Gunung Kidul,DI Yogyakarta,-8.0,110.55,27.2,21.0,0.0,0.0
3402,Bantul,DI Yogyakarta,-7.9,110.38,10.6,9.4,0.0,0.0
3401,Kulon Progo,DI Yogyakarta,-7.81,110.15,11.9,14.9,0.0,5.2
3376,Kota Tegal,Jawa Tengah,-6.86,109.12,8.0,10.3,4.9,0.0
3375,Kota Pekalongan,Jawa Tengah,-6.9,109.67,16.1,17.1,0.0,0.0
3374,Kota Semarang,Jawa Tengah,-7.02,110.38,13.9,11.6,0.0,0.0
3373,Kota Salatiga,Jawa Tengah,-7.34,110.5,15.2,15.5,0.0,0.0
3372,Kota Surakarta,Jawa Tengah,-7.56,110.82,15.6,15.1,0.0,0.0
3371,Kota Magelang,Jawa Tengah,-7.46,110.22,14.6,11.6,0.0,0.0
3329,Brebes,Jawa Tengah,-7.05,108.89,30.5,28.6,4.0,0.0
3328,Tegal,Jawa Tengah,-7.05,109.14,15.5,18.5,4.3,0.9
3327,Pemalang,Jawa Tengah,-7.01,109.39,32.3,28.3,5.4,1.2
3326,Pekalongan,Jawa Tengah,-7.05,109.62,27.2,25.9,0.0,0.0
3325,Batang,Jawa Tengah,-7.02,109.88,31.7,29.0,1.2,0.0
3324,Kendal,Jawa Tengah,-7.01,110.15,21.6,21.3,0.3,0.0
3323,Temanggung,Jawa Tengah,-7.23,110.11,36.0,30.4,0.0,0.0
3322,Semarang,Jawa Tengah,-7.29,110.4,26.2,21.0,0.0,2.0
3321,Demak,Jawa Tengah,-6.93,110.63,25.2,30.8,1.2,0.8
3320,Jepara,Jawa Tengah,-6.61,110.78,28.0,27.2,2.4,0.7
3319,Kudus,Jawa Tengah,-6.81,110.88,20.6,14.5,0.0,0.0
3318,Pati,Jawa Tengah,-6.72,111.08,28.7,26.5,0.0,0.0
3317,Rembang,Jawa Tengah,-6.78,111.45,30.7,25.4,0.0,0.0
3316,Blora,Jawa Tengah,-7.14,111.42,29.5,28.2,1.9,0.0
3315,Grobogan,Jawa Tengah,-7.1,110.9,37.9,36.7,3.0,0.0
3314,Sragen,Jawa Tengah,-7.38,110.96,19.9,20.1,5.3,2.1
3313,Karanganyar,Jawa Tengah,-7.65,111.07,19.7,14.4,1.3,1.0
3312,Wonogiri,Jawa Tengah,-7.96,110.95,18.9,19.1,5.8,0.0
3311,Sukoharjo,Jawa Tengah,-7.7,110.86,12.8,10.0,0.0,0.0
3310,Klaten,Jawa Tengah,-7.66,110.63,16.1,13.4,0.0,0.0
3309,Boyolali,Jawa Tengah,-7.39,110.7,21.6,15.7,1.1,2.5
3308,Magelang,Jawa Tengah,-7.52,110.22,23.5,23.8,0.7,4.3
3307,Wonosobo,Jawa Tengah,-7.4,109.93,43.3,38.1,0.0,0.6
3306,Purworejo,Jawa Tengah,-7.7,109.98,21.5,12.4,1.4,0.0
3305,Kebumen,Jawa Tengah,-7.64,109.61,16.1,13.4,4.9,0.0
3304,Banjarnegara,Jawa Tengah,-7.36,109.65,41.2,37.1,0.0,0.0
3303,Purbalingga,Jawa Tengah,-7.33,109.4,33.1,28.2,0.6,3.1
3302,Banyumas,Jawa Tengah,-7.46,109.12,20.4,20.6,0.0,0.0
3301,Cilacap,Jawa Tengah,-7.46,108.81,22.5,16.6,5.3,2.1
3279,Kota Banjar,Jawa Barat,-7.39,108.56,23.8,21.5,0.0,0.0
3278,Kota Tasikmalaya,Jawa Barat,-7.36,108.22,19.7,20.7,3.7,0.0
3277,Kota Cimahi,Jawa Barat,-6.86,107.55,15.5,19.4,0.0,0.0
3276,Kota Depok,Jawa Barat,-6.38,106.81,14.2,15.7,0.0,0.0
3275,Kota Bekasi,Jawa Barat,-6.28,106.97,14.8,16.4,2.0,0.0
3274,Kota Cirebon,Jawa Barat,-6.74,108.55,18.0,19.8,10.8,6.1
3273,Kota Bandung,Jawa Barat,-6.9,107.62,16.1,14.0,1.0,0.0
3272,Kota Sukabumi,Jawa Barat,-6.93,106.93,21.2,17.2,3.6,8.3
3271,Kota Bogor,Jawa Barat,-6.6,106.8,18.6,20.9,6.7,2.4
3218,Pangandaran,Jawa Barat,-7.64,108.56,28.5,27.8,7.5,2.7
3217,Bandung Barat,Jawa Barat,-6.91,107.41,37.2,37.7,17.1,6.6
3216,Bekasi,Jawa Barat,-6.2,107.16,23.7,19.3,2.6,0.0
3215,Karawang,Jawa Barat,-6.26,107.43,28.6,23.0,9.7,6.9
3214,Purwakarta,Jawa Barat,-6.59,107.4,38.6,33.4,36.2,29.7
3213,Subang,Jawa Barat,-6.5,107.74,28.9,31.0,8.5,14.7
3212,Indramayu,Jawa Barat,-6.44,108.18,27.1,23.7,3.1,1.4
3211,Sumedang,Jawa Barat,-6.82,107.96,32.8,30.5,0.0,4.2
3210,Majalengka,Jawa Barat,-6.81,108.28,34.6,32.4,4.7,6.6
3209,Cirebon,Jawa Barat,-6.76,108.45,22.5,24.9,6.1,4.2
3208,Kuningan,Jawa Barat,-6.99,108.55,21.6,20.7,11.6,6.0
3207,Ciamis,Jawa Barat,-7.31,108.4,21.1,26.4,7.2,7.0
3206,Tasikmalaya,Jawa Barat,-7.43,108.07,33.7,27.4,30.9,18.1
3205,Garut,Jawa Barat,-7.34,107.7,40.3,38.7,27.4,23.2
3204,Bandung,Jawa Barat,-7.06,107.63,31.2,27.0,3.5,5.9
3203,Cianjur,Jawa Barat,-7.05,107.07,43.0,39.0,26.5,32.9
3202,Sukabumi,Jawa Barat,-7.08,106.73,39.8,30.1,18.0,10.0
3201,Bogor,Jawa Barat,-6.54,107.0,31.9,28.0,24.2,18.1
3175,Kota Jakarta Utara,DKI Jakarta,-6.13,106.86,13.4,18.5,0.0,0.0
3174,Kota Jakarta Barat,DKI Jakarta,-6.15,106.76,14.6,11.9,0.0,0.0
3173,Kota Jakarta Pusat,DKI Jakarta,-6.18,106.84,11.0,11.4,0.0,0.0
3172,Kota Jakarta Timur,DKI Jakarta,-6.27,106.88,9.5,9.8,0.0,0.0
3171,Kota Jakarta Selatan,DKI Jakarta,-6.3,106.81,12.6,9.2,0.0,0.0
3101,Kep. Seribu,DKI Jakarta,-5.8,106.5,22.9,28.3,0.0,0.0
2172,Kota Tanjung Pinang,Kepulauan Riau,0.91,104.49,10.1,10.0,0.0,2.6
2171,Kota Batam,Kepulauan Riau,0.97,103.9,9.3,11.2,0.0,1.5
2105,Kepulauan Anambas,Kepulauan Riau,2.94,105.76,25.0,28.6,14.9,7.2
2104,Lingga,Kepulauan Riau,-0.16,104.6,18.9,25.2,18.4,11.4
2103,Natuna,Kepulauan Riau,3.93,108.19,25.5,27.2,14.4,3.7
2102,Bintan,Kepulauan Riau,1.02,104.56,15.5,15.0,10.5,3.0
2101,Karimun,Kepulauan Riau,0.78,103.42,18.3,14.0,16.5,0.0
1971,Kota Pangkal Pinang,Kepulauan Bangka Belitung,-2.1,106.1,17.2,18.3,0.0,0.0
1906,Belitung Timur,Kepulauan Bangka Belitung,-2.93,108.02,31.5,30.2,0.0,0.0
1905,Bangka Selatan,Kepulauan Bangka Belitung,-2.76,106.29,42.1,40.8,8.7,2.0
1904,Bangka Tengah,Kepulauan Bangka Belitung,-2.43,106.09,38.8,35.6,5.6,4.0
1903,Bangka Barat,Kepulauan Bangka Belitung,-1.84,105.55,34.7,29.3,2.6,0.0
1902,Belitung,Kepulauan Bangka Belitung,-2.89,107.66,25.5,29.8,2.1,2.0
1901,Bangka,Kepulauan Bangka Belitung,-1.91,105.94,27.4,23.4,3.9,2.2
1872,Kota Metro,Lampung,-5.12,105.31,13.4,10.9,0.0,0.0
1871,Kota Bandar Lampung,Lampung,-5.43,105.26,14.2,16.9,0.0,3.4
1813,Pesisir Barat,Lampung,-5.35,104.17,22.8,23.8,21.0,11.2
1812,Tulang Bawang Barat,Lampung,-4.43,105.16,30.1,29.4,6.7,0.0
1811,Mesuji,Lampung,-3.97,105.37,32.0,39.3,3.7,8.6
1810,Pringsewu,Lampung,-5.37,104.97,12.0,14.0,0.0,4.2
1809,Pesawaran,Lampung,-5.47,105.08,25.4,24.3,15.5,8.4
1808,Tulangbawang,Lampung,-4.4,105.55,33.6,34.0,6.8,2.7
1807,Way Kanan,Lampung,-4.57,104.52,35.3,25.8,18.5,9.4
1806,Lampung Utara,Lampung,-4.8,104.87,23.5,21.3,9.1,4.3
1805,Lampung Tengah,Lampung,-4.88,105.3,21.8,24.8,2.7,1.6
1804,Lampung Timur,Lampung,-5.12,105.6,21.6,19.4,0.6,1.4
1803,Lampung Selatan,Lampung,-5.55,105.51,28.0,23.8,5.3,4.3
1802,Tanggamus,Lampung,-5.51,104.78,21.3,23.5,7.2,1.9
1801,Lampung Barat,Lampung,-5.09,104.3,32.1,29.0,5.1,2.5
1771,Kota Bengkulu,Bengkulu,-3.86,102.34,18.1,19.1,0.1,1.0
1709,Bengkulu Tengah,Bengkulu,-3.67,102.39,34.9,41.5,10.6,8.4
1708,Kepahiang,Bengkulu,-3.64,102.66,35.5,36.3,4.4,0.0
1707,Lebong,Bengkulu,-3.06,102.22,30.4,30.3,9.4,3.0
1706,Mukomuko,Bengkulu,-2.68,101.52,35.3,30.7,1.9,8.0
1705,Seluma,Bengkulu,-4.08,102.67,32.0,39.0,11.9,13.1
1704,Kaur,Bengkulu,-4.59,103.36,38.2,37.5,9.0,5.6
1703,Bengkulu Utara,Bengkulu,-3.2,101.86,27.7,31.7,3.6,11.5
1702,Rejang Lebong,Bengkulu,-3.46,102.7,34.6,23.9,4.8,5.2
1701,Bengkulu Selatan,Bengkulu,-4.35,103.01,28.8,26.8,0.0,0.0
1674,Kota Lubuklinggau,Sumatera Selatan,-3.25,102.87,29.1,21.5,2.1,0.5
1673,Kota Pagar Alam,Sumatera Selatan,-4.13,103.26,25.3,20.7,11.6,6.8
1672,Kota Prabumulih,Sumatera Selatan,-3.44,104.23,19.3,23.6,0.0,7.1
1671,Kota Palembang,Sumatera Selatan,-2.96,104.76,16.1,14.1,0.7,3.3
1613,Musi Rawas Utara,Sumatera Selatan,-2.72,102.74,41.0,35.7,19.6,36.8
1612,Penukal Abab Lematang Ilir,Sumatera Selatan,-3.2,104.01,40.2,38.0,44.0,36.3
1611,Empat Lawang,Sumatera Selatan,-3.72,102.93,34.9,33.5,30.2,26.2
1610,Ogan Ilir,Sumatera Selatan,-3.42,104.64,26.4,27.2,18.6,22.0
1609,Ogan Komering Ulu Timur,Sumatera Selatan,-4.15,104.56,29.4,31.6,8.5,3.5
1608,Ogan Komering Ulu Selatan,Sumatera Selatan,-4.59,103.95,30.7,31.2,45.3,38.1
1607,Banyu Asin,Sumatera Selatan,-2.4,105.01,31.0,26.6,34.1,26.3
1606,Musi Banyuasin,Sumatera Selatan,-2.5,103.7,35.6,38.8,18.9,5.4
1605,Musi Rawas,Sumatera Selatan,-3.17,103.21,31.0,39.0,24.2,25.7
1604,Lahat,Sumatera Selatan,-3.87,103.41,28.7,19.5,21.6,5.2
1603,Muara Enim,Sumatera Selatan,-3.85,103.97,35.2,31.8,29.8,28.2
1602,Ogan Komering Ilir,Sumatera Selatan,-3.34,105.39,39.6,37.9,19.7,9.2
1601,Ogan Komering Ulu,Sumatera Selatan,-4.11,104.01,33.2,30.9,19.7,11.9
1572,Kota Sungai Penuh,Jambi,-2.16,101.34,22.6,24.2,2.8,0.0
1571,Kota Jambi,Jambi,-1.63,103.61,10.2,11.6,7.2,0.0
1509,Bungo,Jambi,-1.54,101.97,37.1,39.5,4.5,7.5
1508,Tebo,Jambi,-1.4,102.43,38.0,42.3,21.2,20.8
1507,Tanjung Jabung Barat,Jambi,-1.1,103.06,30.5,24.8,42.6,24.2
1506,Tanjung Jabung Timur,Jambi,-1.28,103.92,25.9,24.9,40.1,27.9
1505,Muaro Jambi,Jambi,-1.74,103.73,31.2,25.3,17.1,21.8
1504,Batang Hari,Jambi,-1.85,103.01,33.8,28.2,10.9,7.5
1503,Sarolangun,Jambi,-2.33,102.62,29.7,35.2,23.4,20.9
1502,Merangin,Jambi,-2.23,102.1,39.3,39.1,33.9,27.5
1501,Kerinci,Jambi,-2.05,101.59,32.0,33.5,2.4,4.8
1473,Kota Dumai,Riau,1.8,101.26,14.2,17.3,0.0,1.1
1471,Kota Pekanbaru,Riau,0.53,101.48,6.6,6.2,2.3,4.1
1410,Kepulauan Meranti,Riau,0.84,102.72,16.9,13.8,25.7,22.6
1409,Rokan Hilir,Riau,1.88,100.7,23.1,21.9,15.4,8.9
1408,Bengkalis,Riau,1.31,101.57,15.9,11.6,6.3,9.8
1407,Rokan Hulu,Riau,0.9,100.47,24.6,24.0,8.2,3.2
1406,Kampar,Riau,0.29,101.12,18.5,19.9,13.8,6.5
1405,Siak,Riau,0.81,101.86,13.4,18.1,16.3,10.8
1404,Pelalawan,Riau,0.16,102.07,24.1,25.4,26.6,29.5
1403,Indragiri Hilir,Riau,0.05,103.26,31.1,31.6,30.4,33.6
1402,Indragiri Hulu,Riau,-0.51,102.3,30.0,26.1,19.4,12.9
1401,Kuantan Singingi,Riau,-0.45,101.47,24.5,23.0,8.5,5.9
1377,Kota Pariaman,Sumatera Barat,-0.6,100.13,3.8,2.6,0.0,0.0
1376,Kota Payakumbuh,Sumatera Barat,-0.23,100.64,12.9,8.9,0.0,0.0
1375,Kota Bukittinggi,Sumatera Barat,-0.3,100.38,6.6,10.5,0.0,0.0
1374,Kota Padang Panjang,Sumatera Barat,-0.47,100.4,4.4,7.6,0.0,0.0
1373,Kota Sawah Lunto,Sumatera Barat,-0.66,100.76,15.6,10.4,2.3,0.6
1372,Kota Solok,Sumatera Barat,-0.79,100.62,10.7,15.8,0.0,0.0
1371,Kota Padang,Sumatera Barat,-0.92,100.45,7.7,12.6,0.0,0.0
1312,Pasaman Barat,Sumatera Barat,0.19,99.73,19.1,18.1,5.7,9.0
1311,Dharmasraya,Sumatera Barat,-1.26,101.58,33.3,23.8,5.2,3.9
1310,Solok Selatan,Sumatera Barat,-1.36,101.26,29.2,28.8,16.2,10.4
1309,Pasaman,Sumatera Barat,0.39,100.03,21.3,19.3,16.5,29.7
1308,Lima Puluh Kota,Sumatera Barat,0.02,100.58,15.9,13.3,9.8,5.5
1307,Agam,Sumatera Barat,-0.27,100.17,9.3,9.1,5.7,0.5
1306,Padang Pariaman,Sumatera Barat,-0.58,100.28,6.3,9.6,5.8,3.4
1305,Tanah Datar,Sumatera Barat,-0.47,100.62,13.2,7.5,3.4,1.2
1304,Sijunjung,Sumatera Barat,-0.65,101.06,25.8,27.6,16.0,12.1
1303,Solok,Sumatera Barat,-0.92,100.81,19.4,20.1,5.7,0.0
1302,Pesisir Selatan,Sumatera Barat,-1.72,100.93,21.5,16.6,6.1,2.0
1301,Kepulauan Mentawai,Sumatera Barat,-1.33,98.88,38.5,37.9,55.8,58.5
1278,Kota Gunungsitoli,Sumatera Utara,1.27,97.61,13.4,14.0,6.6,3.7
1277,Kota Padangsidimpuan,Sumatera Utara,1.39,99.28,11.0,14.1,1.5,1.1
1276,Kota Binjai,Sumatera Utara,3.6,98.49,8.5,12.2,3.6,2.7
1275,Kota Medan,Sumatera Utara,3.64,98.68,10.4,7.2,0.0,0.0
1274,Kota Tebing Tinggi,Sumatera Utara,3.32,99.16,12.4,14.9,0.0,0.0
1273,Kota Pematang Siantar,Sumatera Utara,2.95,99.06,10.3,6.1,3.3,0.7
1272,Kota Tanjung Balai,Sumatera Utara,2.97,99.8,19.0,15.7,6.2,0.0
1271,Kota Sibolga,Sumatera Utara,1.74,98.79,10.7,8.3,0.0,0.5
1225,Nias Barat,Sumatera Utara,1.01,97.49,21.8,26.4,25.3,19.1
1224,Nias Utara,Sumatera Utara,1.32,97.34,23.7,11.7,49.4,40.4
1223,Labuhan Batu Utara,Sumatera Utara,2.43,99.75,22.4,20.4,12.3,16.4
1222,Labuhan Batu Selatan,Sumatera Utara,1.82,100.08,20.0,19.2,24.8,28.3
1221,Padang Lawas,Sumatera Utara,1.16,99.82,21.8,20.2,23.7,17.2
1220,Padang Lawas Utara,Sumatera Utara,1.64,99.71,20.7,15.3,38.8,38.3
1219,Batu Bara,Sumatera Utara,3.23,99.49,18.3,13.5,4.6,0.7
1218,Serdang Bedagai,Sumatera Utara,3.34,99.0,17.5,14.4,4.2,1.2
1217,Samosir,Sumatera Utara,2.59,98.8,5.6,4.7,0.0,8.0
1216,Pakpak Bharat,Sumatera Utara,2.52,98.25,9.6,11.3,2.8,7.6
1215,Humbang Hasundutan,Sumatera Utara,2.25,98.6,8.2,6.3,12.8,9.7
1214,Nias Selatan,Sumatera Utara,0.13,98.68,27.1,26.2,74.7,67.4
1213,Langkat,Sumatera Utara,3.77,98.19,21.3,16.6,1.8,1.6
1212,Deli Serdang,Sumatera Utara,3.47,98.72,12.2,14.8,1.0,2.0
1211,Karo,Sumatera Utara,3.1,98.33,18.0,14.9,4.1,2.9
1210,Dairi,Sumatera Utara,2.84,98.29,8.1,8.9,3.5,2.1
1209,Simalungun,Sumatera Utara,2.95,98.78,10.2,12.6,14.5,11.4
1208,Asahan,Sumatera Utara,2.83,99.61,16.1,18.7,13.4,12.0
1207,Labuhan Batu,Sumatera Utara,2.24,100.16,17.4,16.2,3.2,8.9
1206,Toba,Sumatera Utara,2.38,99.32,8.7,11.7,16.4,15.9
1205,Tapanuli Utara,Sumatera Utara,2.01,99.07,8.0,6.3,4.0,1.5
1204,Tapanuli Tengah,Sumatera Utara,1.87,98.68,15.8,15.2,23.7,19.2
1203,Tapanuli Selatan,Sumatera Utara,1.55,99.23,16.5,10.3,30.9,36.8
1202,Mandailing Natal,Sumatera Utara,0.78,99.44,17.3,19.0,22.5,18.7
1201,Nias,Sumatera Utara,1.09,97.73,23.2,29.5,35.2,43.5
1175,Kota Subulussalam,Aceh,2.75,97.93,30.8,28.4,30.3,35.3
1174,Kota Lhokseumawe,Aceh,5.16,97.11,18.2,13.8,4.6,2.2
1173,Kota Langsa,Aceh,4.5,97.98,12.4,13.6,25.6,39.2
1172,Kota Sabang,Aceh,5.84,95.34,9.9,11.0,0.0,0.0
1171,Kota Banda Aceh,Aceh,5.56,95.32,7.3,9.7,0.9,0.0
1118,Pidie Jaya,Aceh,5.12,96.2,12.6,16.8,2.9,0.0
1117,Bener Meriah,Aceh,4.79,96.98,20.3,22.8,16.9,20.1
1116,Aceh Jaya,Aceh,4.81,95.7,33.8,37.1,0.0,0.0
1115,Nagan Raya,Aceh,4.19,96.52,23.3,21.8,6.5,5.5
1114,Aceh Tamiang,Aceh,4.2,97.91,16.4,15.5,24.5,33.8
1113,Gayo Lues,Aceh,3.98,97.32,30.7,32.2,41.4,37.2
1112,Aceh Barat Daya,Aceh,3.84,96.85,20.4,18.8,2.7,0.0
1111,Aceh Utara,Aceh,5.0,97.16,21.3,19.5,7.5,10.2
1110,Bireuen,Aceh,5.08,96.6,18.0,17.1,4.8,4.8
1109,Pidie,Aceh,5.1,95.95,12.7,14.2,0.0,0.0
1108,Aceh Besar,Aceh,5.35,95.5,19.4,16.6,1.3,2.3
1107,Aceh Barat,Aceh,4.44,96.2,19.6,17.9,0.0,3.7
1106,Aceh Tengah,Aceh,4.56,96.96,22.9,18.8,8.8,3.8
1105,Aceh Timur,Aceh,4.7,97.64,21.6,19.8,13.8,22.4
1104,Aceh Tenggara,Aceh,3.35,97.74,25.8,21.7,15.7,8.8
1103,Aceh Selatan,Aceh,3.07,97.47,22.8,20.5,4.3,3.3
1102,Aceh Singkil,Aceh,2.38,97.92,26.9,26.9,17.7,7.9
1101,Simeulue,Aceh,2.63,96.03,27.8,24.3,7.8,4.4
