provinsi,perkawinan_anak_2024,perkawinan_anak_2025,melahirkan_dini_2024,melahirkan_dini_2025,persalinan_nonfaskes_2024,persalinan_nonfaskes_2025,lat,lon
Aceh,2.62,1.39,19.7,18.7,8.9,9.8,3.91,97.51
Sumatera Utara,1.81,1.54,15.0,14.2,10.2,9.6,2.26,98.86
Sumatera Barat,3.49,3.08,16.3,15.8,7.3,6.3,-0.78,101.07
Riau,4.13,2.78,19.7,19.6,13.8,11.5,0.71,101.56
Jambi,7.8,5.1,30.0,29.8,19.9,15.3,-1.74,102.76
Sumatera Selatan,8.45,8.09,29.8,28.6,18.3,13.9,-3.3,104.48
Bengkulu,6.3,4.71,30.1,29.8,4.8,6.0,-3.6,102.53
Lampung,4.87,5.44,23.7,23.2,5.7,3.7,-4.83,105.1
Kepulauan Bangka Belitung,8.05,8.41,31.0,29.5,3.8,1.7,-2.9,107.92
Kepulauan Riau,2.89,1.0,11.4,12.8,3.0,2.0,3.93,108.19
DKI Jakarta,1.68,0.86,12.3,12.0,0.0,0.0,-6.22,106.88
Jawa Barat,5.78,4.03,28.1,25.8,12.1,9.2,-6.87,108.01
Jawa Tengah,6.13,4.2,24.9,22.6,1.8,0.8,-7.31,109.87
DI Yogyakarta,0.64,0.79,14.0,13.1,0.0,0.5,-7.87,110.62
Jawa Timur,7.78,5.49,24.7,23.1,3.2,2.8,-7.77,113.88
Banten,3.73,2.3,24.1,21.7,8.6,5.8,-6.44,106.13
Bali,3.37,2.44,19.7,18.5,0.3,0.0,-8.46,115.44
Nusa Tenggara Barat,14.96,11.31,31.9,31.3,20.9,16.2,-8.59,117.27
Nusa Tenggara Timur,4.7,5.14,18.9,21.0,12.5,11.2,-9.66,124.32
Kalimantan Barat,10.05,8.82,32.4,32.3,19.0,18.3,-0.48,111.55
Kalimantan Tengah,9.89,8.53,36.5,36.8,32.1,31.1,-1.38,113.14
Kalimantan Selatan,7.8,8.38,30.3,31.8,16.7,15.1,-2.74,115.98
Kalimantan Timur,4.29,4.11,25.8,24.9,6.6,3.2,0.11,116.14
Kalimantan Utara,6.94,6.86,27.2,27.9,6.0,2.2,2.76,116.0
Sulawesi Utara,8.96,7.25,30.5,29.2,8.1,4.7,1.05,124.63
Sulawesi Tengah,9.06,7.2,33.2,31.4,13.7,9.0,-0.96,122.39
Sulawesi Selatan,8.09,6.33,27.1,26.2,4.4,3.2,-3.8,119.72
Sulawesi Tenggara,9.4,8.19,33.1,31.6,16.0,13.3,-3.84,121.85
Gorontalo,7.34,6.08,30.3,30.7,4.5,3.2,0.68,122.73
Sulawesi Barat,10.71,11.21,30.7,33.6,11.9,10.7,-2.22,119.4
Maluku,4.82,5.9,22.2,20.9,45.8,42.8,-3.46,126.66
Maluku Utara,6.88,7.27,30.3,29.7,32.9,31.4,-1.83,124.83
Papua Barat,4.9,12.25,30.6,29.0,28.0,26.0,-2.48,134.04
Papua Barat Daya,3.4,6.49,25.9,27.8,29.7,28.6,-1.31,131.96
Papua,2.7,1.67,25.3,24.8,16.8,19.2,-2.79,138.58
Papua Selatan,14.4,12.94,34.7,30.3,19.6,20.5,-6.85,139.88
Papua Tengah,9.05,2.63,29.3,24.4,18.8,27.7,-3.96,135.64
Papua Pegunungan,6.6,6.41,24.9,25.0,53.3,65.8,-4.23,139.91
