pendidikan,tahun,persen
≤ SD,2015,26.51
≤ SD,2016,18.64
≤ SD,2017,36.96
≤ SD,2018,35.46
≤ SD,2019,41.16
≤ SD,2020,42.43
≤ SD,2021,42.01
≤ SD,2022,40.82
≤ SD,2023,44.37
≤ SD,2024,47.29
SMP,2015,23.34
SMP,2016,28.93
SMP,2017,28.87
SMP,2018,34.69
SMP,2019,32.73
SMP,2020,39.98
SMP,2021,38.43
SMP,2022,33.99
SMP,2023,40.19
SMP,2024,46.2
SMA Umum,2015,18.15
SMA Umum,2016,13.98
SMA Umum,2017,23.47
SMA Umum,2018,27.97
SMA Umum,2019,26.35
SMA Umum,2020,27.85
SMA Umum,2021,29.4
SMA Umum,2022,27.65
SMA Umum,2023,32.72
SMA Umum,2024,31.39
SMA Kejuruan,2015,19.42
SMA Kejuruan,2016,24.77
SMA Kejuruan,2017,22.64
SMA Kejuruan,2018,25.61
SMA Kejuruan,2019,26.5
SMA Kejuruan,2020,29.85
SMA Kejuruan,2021,26.83
SMA Kejuruan,2022,31.01
SMA Kejuruan,2023,32.72
SMA Kejuruan,2024,35.77
Diploma I/II/III,2015,28.7
Diploma I/II/III,2016,22.84
Diploma I/II/III,2017,30.01
Diploma I/II/III,2018,32.55
Diploma I/II/III,2019,33.43
Diploma I/II/III,2020,35.19
Diploma I/II/III,2021,38.32
Diploma I/II/III,2022,42.54
Diploma I/II/III,2023,35.7
Diploma I/II/III,2024,37.99
Universitas,2015,22.92
Universitas,2016,26.27
Universitas,2017,25.4
Universitas,2018,26.49
Universitas,2019,28.11
Universitas,2020,28.6
Universitas,2021,29.56
Universitas,2022,30.38
Universitas,2023,30.67
Universitas,2024,28.89
