provinsi,masuk,keluar,neto
Aceh,36148,36389,-241
Bali,46821,74068,-27247
Banten,236277,232471,3806
Bengkulu,34452,28896,5556
DI Yogyakarta,175464,100654,74810
DKI Jakarta,209995,797468,-587473
Gorontalo,20346,12856,7490
Jambi,47757,60678,-12921
Jawa Barat,681798,506569,175229
Jawa Tengah,717575,411888,305687
Jawa Timur,281996,280954,1042
Kalimantan Barat,33429,43690,-10261
Kalimantan Selatan,58678,53865,4813
Kalimantan Tengah,70757,74884,-4127
Kalimantan Timur,102384,127084,-24700
Kalimantan Utara,23388,26076,-2688
Kepulauan Bangka Belitung,30220,18366,11854
Kepulauan Riau,92811,83165,9646
Lampung,120183,103810,16373
Maluku,26771,29750,-2979
Maluku Utara,15134,15283,-149
Nusa Tenggara Barat,69418,30932,38486
Nusa Tenggara Timur,95613,57167,38446
Papua,38783,69392,-30609
Papua Barat,35230,31652,3578
Riau,129951,152982,-23031
Sulawesi Barat,30860,24084,6776
Sulawesi Selatan,126573,153671,-27098
Sulawesi Tengah,44970,44083,887
Sulawesi Tenggara,71226,35923,35303
Sulawesi Utara,30818,31574,-756
Sumatera Barat,174028,93180,80848
Sumatera Selatan,85684,113717,-28033
Sumatera Utara,172312,210629,-38317
