provinsi,parlemen,tpak,pdrb_kapita,gini,pengeluaran,ahh,rls,tenaga_profesional,sumbangan_pendapatan
Aceh,8.97,49.62,43782.22,0.294,9124,72.45,9.49,55.82,34.56
Sumatera Utara,17.35,58.54,73574.62,0.306,8965,72.3,9.77,54.4,36.08
Sumatera Barat,15.38,57.75,57083.09,0.287,10510,72.35,9.53,59.82,37.85
Riau,13.85,47.05,165349.71,0.306,7944,74.58,9.32,54.73,28.18
Jambi,12.73,51.17,86774.89,0.315,8218,74.09,8.6,51.97,30.53
Sumatera Selatan,24.0,55.35,75131.73,0.331,10367,72.95,8.35,53.16,35.31
Bengkulu,22.22,57.74,49233.12,0.343,9124,72.15,8.81,55.92,35.03
Lampung,17.65,54.58,51386.84,0.301,8638,73.54,8.08,54.8,29.47
Kep. Bangka Belitung,22.22,50.57,70193.32,0.235,9568,73.52,8.19,51.21,27.56
Kep. Riau,13.95,52.15,161424.32,0.357,13567,73.27,10.39,47.12,28.47
DKI Jakarta,25.47,50.24,344382.53,0.431,18064,76.28,11.19,48.04,38.17
Jawa Barat,22.69,50.59,56081.86,0.428,8833,76.56,8.55,45.79,29.93
Jawa Tengah,17.65,61.82,47970.48,0.364,10892,76.99,7.63,49.75,35.43
DI Yogyakarta,16.36,66.59,51486.05,0.428,14084,77.4,9.63,52.49,42.28
Jawa Timur,20.0,60.64,75770.26,0.373,11034,74.4,7.84,50.73,35.78
Banten,14.0,48.9,70275.82,0.359,11258,73.04,8.86,45.7,32.34
Bali,18.18,70.49,67318.28,0.348,14178,75.49,8.94,47.6,38.83
Nusa Tenggara Barat,10.77,68.04,32282.17,0.364,10011,69.77,7.28,47.36,33.06
Nusa Tenggara Timur,23.08,70.4,24302.96,0.316,7903,70.03,7.87,51.57,44.58
Kalimantan Barat,23.08,53.95,52702.7,0.314,7027,73.59,7.42,48.34,34.96
Kalimantan Tengah,20.0,49.6,79319.73,0.304,8755,72.44,8.62,48.47,33.62
Kalimantan Selatan,20.0,55.52,67122.21,0.298,9690,71.67,8.29,50.55,36.1
Kalimantan Timur,12.73,49.07,212116.62,0.31,8155,76.9,9.82,51.65,24.85
Kalimantan Utara,17.14,52.14,198676.76,0.259,6704,74.79,9.21,46.49,26.68
Sulawesi Utara,45.24,49.59,69352.24,0.347,10944,74.76,9.97,53.98,31.8
Sulawesi Tengah,25.45,55.47,120749.57,0.309,8649,71.44,8.95,54.47,30.88
Sulawesi Selatan,25.0,52.68,73573.33,0.36,10855,73.47,8.74,55.1,32.73
Sulawesi Tenggara,28.89,60.3,67839.91,0.365,8563,73.64,9.18,53.68,36.92
Gorontalo,24.44,55.23,44437.14,0.413,6109,71.12,8.7,58.43,27.36
Sulawesi Barat,11.11,56.46,42717.73,0.33,7612,68.27,8.05,55.48,37.66
Maluku,13.33,56.25,32198.79,0.291,8432,68.96,10.21,53.78,37.39
Maluku Utara,28.89,54.98,71516.58,0.296,7903,71.36,9.14,49.19,37.28
Papua Barat,8.57,59.8,131636.45,0.385,5448,69.07,7.48,38.13,28.66
Papua,15.56,56.45,81009.15,0.405,8102,70.79,9.73,44.02,36.55
Papua Selatan,11.43,59.7,61621.8,0.424,5698,68.42,7.96,40.83,37.8
Papua Tengah,10.0,59.32,118773.53,0.355,4514,68.97,5.55,38.51,33.65
Papua Pegunungan,8.89,85.71,18105.38,0.346,4971,66.68,3.4,24.01,39.02
Papua Barat Daya,14.29,54.72,59063.54,0.347,5533,69.82,8.36,40.65,28.38
